"Group_Type","Group","Species","s.ridge","s.slough","s.trans","index","stat","p.value"
"Region","ENP_N","CLAJAM",1,0,0,1,0.705316094714777,1e-04
"Region","ENP_N","ELEELO",0,1,0,2,0.593955086541108,1e-04
"Region","ENP_N","ELECEL",0,1,0,2,0.590148857783764,1e-04
"Region","ENP_N","UTRPUR",0,0,1,3,0.570602484374526,1e-04
"Region","ENP_N","PASGEM",0,1,0,2,0.525424409902334,1e-04
"Region","ENP_N","PANHEM",0,1,0,2,0.466842620726655,1e-04
"Region","ENP_N","NYMAQU",0,1,0,2,0.446526832282894,1e-04
"Region","ENP_N","POTILL",0,1,0,2,0.3862958106022,1e-04
"Region","ENP_N","NYMODO",0,1,0,2,0.376698905830996,1e-04
"Region","ENP_N","RHYTRA",0,0,1,3,0.233056130172868,6e-04
"Region","ENP_N","PISSTR",0,1,0,2,0.225876975726313,0.0015
"Region","ENP_N","CHARA",0,1,0,2,0.249539937198015,0.0057
"Region","ENP_N","BACCAR",0,1,0,2,0.328642276801865,0.0104
"Region","ENP_S","CLAJAM",1,0,0,1,0.731341238809146,1e-04
"Region","ENP_S","UTRPUR",0,0,1,3,0.670793569384672,1e-04
"Region","ENP_S","ELECEL",0,0,1,3,0.64198939429501,3e-04
"Region","ENP_S","PASGEM",0,1,0,2,0.463966783167919,3e-04
"Region","ENP_S","BACCAR",0,0,1,3,0.497012246473162,0.001
"Region","ENP_S","PANHEM",0,1,0,2,0.446456465551012,0.0016
"Region","ENP_S","JUSANG",1,0,0,1,0.434372242763069,0.0045
"Region","ENP_S","NYMAQU",0,1,0,2,0.32714243374364,0.0071
"Region","ENP_S","HYMPAL",0,0,1,3,0.236763126512467,0.0375
"Region","ENP_S","ELEELO",0,1,0,2,0.245324421282566,0.0471
"Region","ENP_W","CLAJAM",1,0,0,1,0.685670577620561,1e-04
"Region","ENP_W","ELECEL",0,1,0,2,0.620536465941637,1e-04
"Region","ENP_W","BACCAR",0,0,1,3,0.596586769487891,1e-04
"Region","ENP_W","PANTEN",0,0,1,3,0.289243276600136,1e-04
"Region","ENP_W","NYMODO",0,1,0,2,0.372836140794679,2e-04
"Region","ENP_W","UTRPUR",0,1,0,2,0.510969304405702,4e-04
"Region","ENP_W","RHYTRA",0,1,0,2,0.388648017071371,6e-04
"Region","ENP_W","PASGEM",0,1,0,2,0.302452572707702,8e-04
"Region","ENP_W","TYPDOM",1,0,0,1,0.336809372816825,9e-04
"Region","ENP_W","JUSANG",0,0,1,3,0.352056775433425,0.0023
"Region","ENP_W","ELEELO",0,1,0,2,0.166666666666667,0.0091
"Region","ENP_W","NYMAQU",0,1,0,2,0.248634824075003,0.0134
"Region","ENP_W","PANHEM",0,0,1,3,0.326616503637365,0.019
"Region","ENP_W","CRIAME",0,0,1,3,0.270802363493456,0.0277
"Region","ENP_W","PONCOR",1,0,0,1,0.229393018684456,0.0286
"Region","ENP_W","CHARA",0,0,1,3,0.192093504370002,0.0344
"Region","ENP_W","AESPRA",0,0,1,3,0.242519929180629,0.0407
"Region","ENP_W","PELVIR",1,0,0,1,0.232868818507302,0.0436
"Region","WCA1","NYMAQU",0,0,1,3,0.820245856080736,1e-04
"Region","WCA1","CLAJAM",1,0,0,1,0.794749353515954,1e-04
"Region","WCA1","ELEELO",0,0,1,3,0.751066012444969,7e-04
"Region","WCA1","FUISCI",0,0,1,3,0.567386311746091,0.0014
"Region","WCA1","ELECEL",0,1,0,2,0.677381398456325,0.0047
"Region","WCA1","NYMODO",0,0,1,3,0.676490247462898,0.008
"Region","WCA1","BACCAR",0,0,1,3,0.524167938200356,0.0082
"Region","WCA1","PANHEM",0,0,1,3,0.602551713705985,0.0222
"Region","WCA1","PASGEM",0,0,1,3,0.44594563275668,0.037
"Region","WCA1","BLESER",1,0,0,1,0.421657626595338,0.0374
"Region","WCA1","CEPOCC",1,0,0,1,0.436976042720322,0.0444
"Region","WCA1","UTRPUR",0,1,0,2,0.578624727912181,0.046
"Region","WCA2A","CLAJAM",0,0,1,3,0.660396161303268,3e-04
"Region","WCA2A","NYMODO",0,1,0,2,0.620211728374522,3e-04
"Region","WCA2A","ELECEL",0,1,0,2,0.533677020122358,0.0028
"Region","WCA2A","TYPDOM",1,0,0,1,0.506771709943248,0.0419
"Region","WCA2B","CLAJAM",1,0,NA,1,0.960848377564991,1e-04
"Region","WCA2B","NYMODO",0,1,NA,2,0.915152393451644,1e-04
"Region","WCA2B","UTRPUR",0,1,NA,2,0.815512833756182,1e-04
"Region","WCA2B","ELECEL",0,1,NA,2,0.606793615645032,1e-04
"Region","WCA2B","TYPDOM",1,0,NA,1,0.498777892488185,2e-04
"Region","WCA2B","PASGEM",0,1,NA,2,0.316227766016838,0.0196
"Region","WCA2B","ELEELO",0,1,NA,2,0.362814692740619,0.035
"Region","WCA3AC","CLAJAM",1,0,0,1,0.733991956654776,1e-04
"Region","WCA3AC","BACCAR",0,0,1,3,0.62108791843999,0.0033
"Region","WCA3AC","CRIAME",0,0,1,3,0.561547852061992,0.0054
"Region","WCA3AC","ELECEL",0,0,1,3,0.65763674936732,0.0064
"Region","WCA3AC","NYMODO",0,1,0,2,0.690184054671088,0.0084
"Region","WCA3AC","ELEELO",0,0,1,3,0.443063956630223,0.0388
"Region","WCA3AN","CLAJAM",1,0,0,1,0.793522452517567,1e-04
"Region","WCA3AN","ELECEL",0,0,1,3,0.704401503277809,1e-04
"Region","WCA3AN","BACCAR",0,0,1,3,0.619085469150514,1e-04
"Region","WCA3AN","SAGLAN",0,0,1,3,0.509492354328633,1e-04
"Region","WCA3AN","PANHEM",0,0,1,3,0.456737515450591,1e-04
"Region","WCA3AN","RHYTRA",0,0,1,3,0.433519646545392,1e-04
"Region","WCA3AN","LEEHEX",0,0,1,3,0.394160194010951,1e-04
"Region","WCA3AN","NYMODO",0,1,0,2,0.34425765934116,1e-04
"Region","WCA3AN","PANVIR",0,1,0,2,0.307023585522397,1e-04
"Region","WCA3AN","NYMAQU",0,1,0,2,0.265039889226215,1e-04
"Region","WCA3AN","UTRPUR",0,1,0,2,0.312050670161458,4e-04
"Region","WCA3AN","PASGEM",0,0,1,3,0.281982070790226,5e-04
"Region","WCA3AN","DICDIC",0,1,0,2,0.2112948731292,0.0027
"Region","WCA3AN","UTRFOL",0,1,0,2,0.272389826240922,0.0043
"Region","WCA3AN","MIKSCA",1,0,0,1,0.197281817767667,0.0104
"Region","WCA3AN","MORCER",1,0,0,1,0.178056437997297,0.0133
"Region","WCA3AN","POTILL",0,0,1,3,0.124514561272938,0.0134
"Region","WCA3AN","AGALIN",0,0,1,3,0.134844253723215,0.0141
"Region","WCA3AN","RHYINU",0,0,1,3,0.210952091702344,0.0164
"Region","WCA3AN","CHARA",0,1,0,2,0.20489599283177,0.0203
"Region","WCA3AN","IPOSAG",1,0,0,1,0.184835833426108,0.0203
"Region","WCA3AN","SALCAR",1,0,0,1,0.158426876814592,0.0256
"Region","WCA3AN","ANNGLA",0,0,1,3,0.108817588475582,0.0418
"Region","WCA3AN","OXYFIL",0,0,1,3,0.146045207200121,0.0486
"Region","WCA3AS","CLAJAM",1,0,0,1,0.813895053960745,1e-04
"Region","WCA3AS","ELECEL",0,0,1,3,0.887258346150796,4e-04
"Region","WCA3AS","BACCAR",0,0,1,3,0.684729213119979,7e-04
"Region","WCA3AS","PANHEM",0,0,1,3,0.664746439174736,0.003
"Region","WCA3AS","POTILL",0,0,1,3,0.481512787870976,0.0082
"Region","WCA3AS","ELEELO",0,0,1,3,0.611390705075085,0.0175
"Region","WCA3AS","CHRICA",1,0,0,1,0.125988157669742,0.0298
"Region","WCA3AS","PERHYD",1,0,0,1,0.128932462036891,0.0372
"Region","WCA3AS","NYMODO",0,1,0,2,0.696966018866259,0.0425
"Region","WCA3B","CLAJAM",1,0,0,1,0.65788005920107,1e-04
"Region","WCA3B","UTRPUR",0,1,0,2,0.558154101777618,1e-04
"Region","WCA3B","NYMODO",0,1,0,2,0.512112005377144,1e-04
"Region","WCA3B","PASGEM",0,1,0,2,0.393041157205601,2e-04
"Region","WCA3B","NYMAQU",0,1,0,2,0.384078620946997,3e-04
"Region","WCA3B","ELECEL",0,1,0,2,0.53224383427835,5e-04
"Region","WCA3B","PANHEM",0,1,0,2,0.367325576057516,9e-04
"Region","WCA3B","ELEELO",0,1,0,2,0.261703992878025,0.0086
"Region","WCA3B","HYMPAL",0,0,1,3,0.273344337918552,0.0239
"Region","WCA3B","BACCAR",0,0,1,3,0.343887975757371,0.0326
