"Group_Type","Group","Plots_Initial","Plots_Analyzed","Habitats_Initial","Habitats_Analyzed","Species_Initial","Species_Analyzed","Significant_Indicators","Status","Reason"
"Region","ENP_N",937,937,3,3,37,37,13,"Completed","Significant indicator species detected"
"Region","ENP_S",384,384,3,3,33,33,10,"Completed","Significant indicator species detected"
"Region","ENP_W",635,635,3,3,42,42,18,"Completed","Significant indicator species detected"
"Region","WCA1",347,347,3,3,64,64,12,"Completed","Significant indicator species detected"
"Region","WCA2A",781,781,3,3,28,28,4,"Completed","Significant indicator species detected"
"Region","WCA2B",135,135,2,2,12,12,7,"Completed","Significant indicator species detected"
"Region","WCA3AC",1443,1443,3,3,41,41,6,"Completed","Significant indicator species detected"
"Region","WCA3AN",1146,1146,3,3,82,82,24,"Completed","Significant indicator species detected"
"Region","WCA3AS",1038,1038,3,3,57,57,9,"Completed","Significant indicator species detected"
"Region","WCA3B",861,861,3,3,32,32,10,"Completed","Significant indicator species detected"
