"","C123Merged_EnvSNO","C123_Plot_SNO","PlotID_New","PSUID","Cycle.x","Cycle_Year"
"1",55,55,"P00024_C","P000","C1","Yr1"
"2",57,57,"P00024_N","P000","C1","Yr1"
"3",58,58,"P00025_C","P000","C1","Yr1"
"4",60,60,"P00025_N","P000","C1","Yr1"
"5",841,935,"P00666_C","P006","C1","Yr1"
"6",843,937,"P00666_N","P006","C1","Yr1"
"7",850,944,"P00669_C","P006","C1","Yr1"
"8",851,945,"P00669_E","P006","C1","Yr1"
"9",852,946,"P00669_N","P006","C1","Yr1"
"10",853,947,"P00670_C","P006","C1","Yr1"
"11",854,948,"P00670_E","P006","C1","Yr1"
"12",855,949,"P00670_N","P006","C1","Yr1"
"13",1737,1840,"P01177_C","P011","C1","Yr1"
"14",1738,1841,"P01177_E","P011","C1","Yr1"
"15",1739,1842,"P01177_N","P011","C1","Yr1"
"16",1740,1843,"P01178_C","P011","C1","Yr1"
"17",1741,1844,"P01178_E","P011","C1","Yr1"
"18",1742,1845,"P01178_N","P011","C1","Yr1"
"19",1749,1852,"P01301_C","P013","C1","Yr1"
"20",1750,1853,"P01301_E","P013","C1","Yr1"
"21",1751,1854,"P01301_N","P013","C1","Yr1"
"22",1752,1855,"P01302_C","P013","C1","Yr1"
"23",1753,1856,"P01302_E","P013","C1","Yr1"
"24",1754,1857,"P01302_N","P013","C1","Yr1"
"25",1755,1858,"P01303_C","P013","C1","Yr1"
"26",1756,1859,"P01303_E","P013","C1","Yr1"
"27",1757,1860,"P01303_N","P013","C1","Yr1"
"28",1758,1861,"P01304_C","P013","C1","Yr1"
"29",1759,1862,"P01304_E","P013","C1","Yr1"
"30",1760,1863,"P01304_N","P013","C1","Yr1"
"31",1797,1900,"P01317_C","P013","C1","Yr1"
"32",1798,1901,"P01317_E","P013","C1","Yr1"
"33",1799,1902,"P01317_N","P013","C1","Yr1"
"34",1800,1903,"P01318_C","P013","C1","Yr1"
"35",1801,1904,"P01318_E","P013","C1","Yr1"
"36",1802,1905,"P01318_N","P013","C1","Yr1"
"37",1809,1912,"P01321_C","P013","C1","Yr1"
"38",1810,1913,"P01321_E","P013","C1","Yr1"
"39",1811,1914,"P01321_N","P013","C1","Yr1"
"40",1818,1921,"P01324_C","P013","C1","Yr1"
"41",1819,1922,"P01324_E","P013","C1","Yr1"
"42",1820,1923,"P01324_N","P013","C1","Yr1"
"43",1821,1924,"P01325_C","P013","C1","Yr1"
"44",1822,1925,"P01325_E","P013","C1","Yr1"
"45",1823,1926,"P01325_N","P013","C1","Yr1"
"46",1833,1936,"P01329_C","P013","C1","Yr1"
"47",1834,1937,"P01329_E","P013","C1","Yr1"
"48",1835,1938,"P01329_N","P013","C1","Yr1"
"49",1836,1939,"P01330_C","P013","C1","Yr1"
"50",1837,1940,"P01330_E","P013","C1","Yr1"
"51",1838,1941,"P01330_N","P013","C1","Yr1"
"52",1869,1972,"P01341_C","P013","C1","Yr1"
"53",1870,1973,"P01341_E","P013","C1","Yr1"
"54",1871,1974,"P01341_N","P013","C1","Yr1"
"55",1875,1978,"P01343_C","P013","C1","Yr1"
"56",1876,1979,"P01343_E","P013","C1","Yr1"
"57",1877,1980,"P01343_N","P013","C1","Yr1"
"58",1881,1984,"P01345_C","P013","C1","Yr1"
"59",1882,1985,"P01345_E","P013","C1","Yr1"
"60",1883,1986,"P01345_N","P013","C1","Yr1"
"61",1896,1999,"P01350_C","P013","C1","Yr1"
"62",1897,2000,"P01350_E","P013","C1","Yr1"
"63",1898,2001,"P01350_N","P013","C1","Yr1"
"64",1941,2044,"P01375_C","P013","C1","Yr1"
"65",1943,2046,"P01375_N","P013","C1","Yr1"
"66",2004,2107,"P01441_C","P014","C1","Yr1"
"67",2005,2108,"P01441_E","P014","C1","Yr1"
"68",2006,2109,"P01441_N","P014","C1","Yr1"
"69",2007,2110,"P01442_C","P014","C1","Yr1"
"70",2008,2111,"P01442_E","P014","C1","Yr1"
"71",2009,2112,"P01442_N","P014","C1","Yr1"
"72",2010,2113,"P01443_C","P014","C1","Yr1"
"73",2011,2114,"P01443_E","P014","C1","Yr1"
"74",2012,2115,"P01443_N","P014","C1","Yr1"
"75",2013,2116,"P01444_C","P014","C1","Yr1"
"76",2014,2117,"P01444_E","P014","C1","Yr1"
"77",2015,2118,"P01444_N","P014","C1","Yr1"
"78",2016,2119,"P01445_C","P014","C1","Yr1"
"79",2017,2120,"P01445_E","P014","C1","Yr1"
"80",2018,2121,"P01445_N","P014","C1","Yr1"
"81",2019,2122,"P01446_C","P014","C1","Yr1"
"82",2020,2123,"P01446_E","P014","C1","Yr1"
"83",2021,2124,"P01446_N","P014","C1","Yr1"
"84",2028,2131,"P01449_C","P014","C1","Yr1"
"85",2029,2132,"P01449_E","P014","C1","Yr1"
"86",2030,2133,"P01449_N","P014","C1","Yr1"
"87",2031,2134,"P01450_C","P014","C1","Yr1"
"88",2032,2135,"P01450_E","P014","C1","Yr1"
"89",2033,2136,"P01450_N","P014","C1","Yr1"
"90",2064,2167,"P01461_C","P014","C1","Yr1"
"91",2065,2168,"P01461_E","P014","C1","Yr1"
"92",2066,2169,"P01461_N","P014","C1","Yr1"
"93",2067,2170,"P01462_C","P014","C1","Yr1"
"94",2068,2171,"P01462_E","P014","C1","Yr1"
"95",2069,2172,"P01462_N","P014","C1","Yr1"
"96",2070,2173,"P01463_C","P014","C1","Yr1"
"97",2071,2174,"P01463_E","P014","C1","Yr1"
"98",2072,2175,"P01463_N","P014","C1","Yr1"
"99",2073,2176,"P01464_C","P014","C1","Yr1"
"100",2074,2177,"P01464_E","P014","C1","Yr1"
"101",2075,2178,"P01464_N","P014","C1","Yr1"
"102",2076,2179,"P01465_C","P014","C1","Yr1"
"103",2077,2180,"P01465_E","P014","C1","Yr1"
"104",2078,2181,"P01465_N","P014","C1","Yr1"
"105",2079,2182,"P01466_C","P014","C1","Yr1"
"106",2080,2183,"P01466_E","P014","C1","Yr1"
"107",2081,2184,"P01466_N","P014","C1","Yr1"
"108",2082,2185,"P01467_C","P014","C1","Yr1"
"109",2083,2186,"P01467_E","P014","C1","Yr1"
"110",2084,2187,"P01467_N","P014","C1","Yr1"
"111",2085,2188,"P01468_C","P014","C1","Yr1"
"112",2086,2189,"P01468_E","P014","C1","Yr1"
"113",2087,2190,"P01468_N","P014","C1","Yr1"
"114",2088,2191,"P01469_C","P014","C1","Yr1"
"115",2089,2192,"P01469_E","P014","C1","Yr1"
"116",2090,2193,"P01469_N","P014","C1","Yr1"
"117",2091,2194,"P01470_C","P014","C1","Yr1"
"118",2092,2195,"P01470_E","P014","C1","Yr1"
"119",2093,2196,"P01470_N","P014","C1","Yr1"
"120",2094,2197,"P01471_C","P014","C1","Yr1"
"121",2095,2198,"P01471_E","P014","C1","Yr1"
"122",2096,2199,"P01471_N","P014","C1","Yr1"
"123",2097,2200,"P01472_C","P014","C1","Yr1"
"124",2098,2201,"P01472_E","P014","C1","Yr1"
"125",2099,2202,"P01472_N","P014","C1","Yr1"
"126",2100,2203,"P01473_C","P014","C1","Yr1"
"127",2101,2204,"P01473_E","P014","C1","Yr1"
"128",2102,2205,"P01473_N","P014","C1","Yr1"
"129",2103,2206,"P01475_C","P014","C1","Yr1"
"130",2104,2207,"P01475_E","P014","C1","Yr1"
"131",2105,2208,"P01475_N","P014","C1","Yr1"
"132",2157,2260,"P01518_C","P015","C1","Yr1"
"133",2158,2261,"P01518_E","P015","C1","Yr1"
"134",2159,2262,"P01518_N","P015","C1","Yr1"
"135",2166,2269,"P01521_C","P015","C1","Yr1"
"136",2167,2270,"P01521_E","P015","C1","Yr1"
"137",2168,2271,"P01521_N","P015","C1","Yr1"
"138",2169,2272,"P01522_C","P015","C1","Yr1"
"139",2170,2273,"P01522_E","P015","C1","Yr1"
"140",2171,2274,"P01522_N","P015","C1","Yr1"
"141",2175,2278,"P01524_C","P015","C1","Yr1"
"142",2176,2279,"P01524_E","P015","C1","Yr1"
"143",2177,2280,"P01524_N","P015","C1","Yr1"
"144",2226,2329,"P01541_C","P015","C1","Yr1"
"145",2227,2330,"P01541_E","P015","C1","Yr1"
"146",2228,2331,"P01541_N","P015","C1","Yr1"
"147",2229,2332,"P01542_C","P015","C1","Yr1"
"148",2230,2333,"P01542_E","P015","C1","Yr1"
"149",2231,2334,"P01542_N","P015","C1","Yr1"
"150",2232,2335,"P01543_C","P015","C1","Yr1"
"151",2233,2336,"P01543_E","P015","C1","Yr1"
"152",2234,2337,"P01543_N","P015","C1","Yr1"
"153",2235,2338,"P01544_C","P015","C1","Yr1"
"154",2236,2339,"P01544_E","P015","C1","Yr1"
"155",2237,2340,"P01544_N","P015","C1","Yr1"
"156",2238,2341,"P01545_C","P015","C1","Yr1"
"157",2239,2342,"P01545_E","P015","C1","Yr1"
"158",2240,2343,"P01545_N","P015","C1","Yr1"
"159",2301,2404,"P01566_C","P015","C1","Yr1"
"160",2303,2406,"P01566_N","P015","C1","Yr1"
"161",2310,2413,"P01569_C","P015","C1","Yr1"
"162",2311,2414,"P01569_E","P015","C1","Yr1"
"163",2312,2415,"P01569_N","P015","C1","Yr1"
"164",2313,2416,"P01570_C","P015","C1","Yr1"
"165",2314,2417,"P01570_E","P015","C1","Yr1"
"166",2315,2418,"P01570_N","P015","C1","Yr1"
"167",2436,2539,"P01641_C","P016","C1","Yr2"
"168",2437,2540,"P01641_E","P016","C1","Yr2"
"169",2438,2541,"P01641_N","P016","C1","Yr2"
"170",2439,2542,"P01642_C","P016","C1","Yr2"
"171",2440,2543,"P01642_E","P016","C1","Yr2"
"172",2441,2544,"P01642_N","P016","C1","Yr2"
"173",2442,2545,"P01643_C","P016","C1","Yr2"
"174",2443,2546,"P01643_E","P016","C1","Yr2"
"175",2444,2547,"P01643_N","P016","C1","Yr2"
"176",2445,2548,"P01644_C","P016","C1","Yr2"
"177",2446,2549,"P01644_E","P016","C1","Yr2"
"178",2447,2550,"P01644_N","P016","C1","Yr2"
"179",2448,2551,"P01645_C","P016","C1","Yr2"
"180",2449,2552,"P01645_E","P016","C1","Yr2"
"181",2450,2553,"P01645_N","P016","C1","Yr2"
"182",2631,2734,"P01761_C","P017","C1","Yr2"
"183",2633,2736,"P01761_N","P017","C1","Yr2"
"184",2639,2742,"P01763_N","P017","C1","Yr2"
"185",2643,2746,"P01765_C","P017","C1","Yr2"
"186",2645,2748,"P01765_N","P017","C1","Yr2"
"187",2799,2923,"P01909_C","P019","C1","Yr2"
"188",2800,2924,"P01909_E","P019","C1","Yr2"
"189",2801,2925,"P01909_N","P019","C1","Yr2"
"190",2802,2926,"P01910_C","P019","C1","Yr2"
"191",2803,2927,"P01910_E","P019","C1","Yr2"
"192",2804,2928,"P01910_N","P019","C1","Yr2"
"193",2895,3019,"P01946_C","P019","C1","Yr2"
"194",2897,3021,"P01946_N","P019","C1","Yr2"
"195",2898,3022,"P01947_C","P019","C1","Yr2"
"196",2899,3023,"P01947_E","P019","C1","Yr2"
"197",2900,3024,"P01947_N","P019","C1","Yr2"
"198",2904,3028,"P01949_C","P019","C1","Yr2"
"199",2905,3029,"P01949_E","P019","C1","Yr2"
"200",2906,3030,"P01949_N","P019","C1","Yr2"
"201",2907,3031,"P01950_C","P019","C1","Yr2"
"202",2908,3032,"P01950_E","P019","C1","Yr2"
"203",2909,3033,"P01950_N","P019","C1","Yr2"
"204",2925,3049,"P01956_C","P019","C1","Yr2"
"205",2926,3050,"P01956_E","P019","C1","Yr2"
"206",2927,3051,"P01956_N","P019","C1","Yr2"
"207",2949,3073,"P01964_C","P019","C1","Yr2"
"208",2950,3074,"P01964_E","P019","C1","Yr2"
"209",2951,3075,"P01964_N","P019","C1","Yr2"
"210",2952,3076,"P01965_C","P019","C1","Yr2"
"211",2953,3077,"P01965_E","P019","C1","Yr2"
"212",2954,3078,"P01965_N","P019","C1","Yr2"
"213",2958,3082,"P01967_C","P019","C1","Yr2"
"214",2959,3083,"P01967_E","P019","C1","Yr2"
"215",2960,3084,"P01967_N","P019","C1","Yr2"
"216",2961,3085,"P01968_C","P019","C1","Yr2"
"217",2962,3086,"P01968_E","P019","C1","Yr2"
"218",2963,3087,"P01968_N","P019","C1","Yr2"
"219",3012,3136,"P02005_C","P020","C1","Yr2"
"220",3013,3137,"P02005_E","P020","C1","Yr2"
"221",3014,3138,"P02005_N","P020","C1","Yr2"
"222",3049,3173,"P02017_E","P020","C1","Yr2"
"223",3501,3625,"P02246_C","P022","C1","Yr2"
"224",3502,3626,"P02246_E","P022","C1","Yr2"
"225",3503,3627,"P02246_N","P022","C1","Yr2"
"226",3504,3628,"P02247_C","P022","C1","Yr2"
"227",3505,3629,"P02247_E","P022","C1","Yr2"
"228",3506,3630,"P02247_N","P022","C1","Yr2"
"229",3510,3634,"P02249_C","P022","C1","Yr2"
"230",3511,3635,"P02249_E","P022","C1","Yr2"
"231",3512,3636,"P02249_N","P022","C1","Yr2"
"232",3513,3637,"P02250_C","P022","C1","Yr2"
"233",3514,3638,"P02250_E","P022","C1","Yr2"
"234",3515,3639,"P02250_N","P022","C1","Yr2"
"235",3555,3691,"P02305_C","P023","C1","Yr2"
"236",3556,3692,"P02305_E","P023","C1","Yr2"
"237",3557,3693,"P02305_N","P023","C1","Yr2"
"238",3615,3751,"P02325_C","P023","C1","Yr2"
"239",3616,3752,"P02325_E","P023","C1","Yr2"
"240",3617,3753,"P02325_N","P023","C1","Yr2"
"241",3948,4087,"P02512_C","P025","C1","Yr2"
"242",3949,4088,"P02512_E","P025","C1","Yr2"
"243",3950,4089,"P02512_N","P025","C1","Yr2"
"244",3954,4093,"P02514_C","P025","C1","Yr2"
"245",3955,4094,"P02514_E","P025","C1","Yr2"
"246",3956,4095,"P02514_N","P025","C1","Yr2"
"247",4122,4261,"P02606_C","P026","C1","Yr2"
"248",4123,4262,"P02606_E","P026","C1","Yr2"
"249",4124,4263,"P02606_N","P026","C1","Yr2"
"250",4128,4267,"P02608_C","P026","C1","Yr2"
"251",4129,4268,"P02608_E","P026","C1","Yr2"
"252",4130,4269,"P02608_N","P026","C1","Yr2"
"253",4134,4273,"P02610_C","P026","C1","Yr2"
"254",4135,4274,"P02610_E","P026","C1","Yr2"
"255",4136,4275,"P02610_N","P026","C1","Yr2"
"256",4155,4294,"P02617_C","P026","C1","Yr2"
"257",4156,4295,"P02617_E","P026","C1","Yr2"
"258",4157,4296,"P02617_N","P026","C1","Yr2"
"259",4167,4306,"P02621_C","P026","C1","Yr2"
"260",4168,4307,"P02621_E","P026","C1","Yr2"
"261",4169,4308,"P02621_N","P026","C1","Yr2"
"262",4170,4309,"P02622_C","P026","C1","Yr2"
"263",4171,4310,"P02622_E","P026","C1","Yr2"
"264",4172,4311,"P02622_N","P026","C1","Yr2"
"265",4173,4312,"P02623_C","P026","C1","Yr2"
"266",4174,4313,"P02623_E","P026","C1","Yr2"
"267",4175,4314,"P02623_N","P026","C1","Yr2"
"268",4176,4315,"P02624_C","P026","C1","Yr2"
"269",4177,4316,"P02624_E","P026","C1","Yr2"
"270",4178,4317,"P02624_N","P026","C1","Yr2"
"271",4179,4318,"P02625_C","P026","C1","Yr2"
"272",4180,4319,"P02625_E","P026","C1","Yr2"
"273",4181,4320,"P02625_N","P026","C1","Yr2"
"274",4227,4366,"P02641_C","P026","C1","Yr2"
"275",4228,4367,"P02641_E","P026","C1","Yr2"
"276",4229,4368,"P02641_N","P026","C1","Yr2"
"277",4230,4369,"P02642_C","P026","C1","Yr2"
"278",4231,4370,"P02642_E","P026","C1","Yr2"
"279",4232,4371,"P02642_N","P026","C1","Yr2"
"280",4233,4372,"P02643_C","P026","C1","Yr2"
"281",4234,4373,"P02643_E","P026","C1","Yr2"
"282",4235,4374,"P02643_N","P026","C1","Yr2"
"283",4236,4375,"P02644_C","P026","C1","Yr2"
"284",4237,4376,"P02644_E","P026","C1","Yr2"
"285",4238,4377,"P02644_N","P026","C1","Yr2"
"286",4239,4378,"P02645_C","P026","C1","Yr2"
"287",4240,4379,"P02645_E","P026","C1","Yr2"
"288",4241,4380,"P02645_N","P026","C1","Yr2"
"289",4287,4426,"P02661_C","P026","C1","Yr2"
"290",4288,4427,"P02661_E","P026","C1","Yr2"
"291",4289,4428,"P02661_N","P026","C1","Yr2"
"292",4290,4429,"P02662_C","P026","C1","Yr2"
"293",4291,4430,"P02662_E","P026","C1","Yr2"
"294",4292,4431,"P02662_N","P026","C1","Yr2"
"295",4293,4432,"P02663_C","P026","C1","Yr2"
"296",4294,4433,"P02663_E","P026","C1","Yr2"
"297",4295,4434,"P02663_N","P026","C1","Yr2"
"298",4296,4435,"P02664_C","P026","C1","Yr2"
"299",4297,4436,"P02664_E","P026","C1","Yr2"
"300",4298,4437,"P02664_N","P026","C1","Yr2"
"301",4299,4438,"P02665_C","P026","C1","Yr2"
"302",4300,4439,"P02665_E","P026","C1","Yr2"
"303",4301,4440,"P02665_N","P026","C1","Yr2"
"304",4359,4498,"P02705_C","P027","C1","Yr2"
"305",4361,4500,"P02705_N","P027","C1","Yr2"
"306",4368,4507,"P02708_C","P027","C1","Yr2"
"307",4369,4508,"P02708_E","P027","C1","Yr2"
"308",4370,4509,"P02708_N","P027","C1","Yr2"
"309",4455,4594,"P02737_C","P027","C1","Yr2"
"310",4456,4595,"P02737_E","P027","C1","Yr2"
"311",4457,4596,"P02737_N","P027","C1","Yr2"
"312",4458,4597,"P02738_C","P027","C1","Yr2"
"313",4459,4598,"P02738_E","P027","C1","Yr2"
"314",4460,4599,"P02738_N","P027","C1","Yr2"
"315",4534,4673,"P02817_E","P028","C1","Yr2"
"316",4536,4675,"P02818_C","P028","C1","Yr2"
"317",4537,4676,"P02818_E","P028","C1","Yr2"
"318",4538,4677,"P02818_N","P028","C1","Yr2"
"319",4557,4696,"P02825_C","P028","C1","Yr2"
"320",4558,4697,"P02825_E","P028","C1","Yr2"
"321",4559,4698,"P02825_N","P028","C1","Yr2"
"322",4758,4897,"P02925_C","P029","C1","Yr2"
"323",4760,4899,"P02925_N","P029","C1","Yr2"
"324",4794,4933,"P03001_C","P030","C1","Yr2"
"325",4796,4935,"P03001_N","P030","C1","Yr2"
"326",4803,4942,"P03004_C","P030","C1","Yr2"
"327",4804,4943,"P03004_E","P030","C1","Yr2"
"328",4805,4944,"P03004_N","P030","C1","Yr2"
"329",4854,4993,"P03021_C","P030","C1","Yr2"
"330",4856,4995,"P03021_N","P030","C1","Yr2"
"331",4859,4998,"P03022_N","P030","C1","Yr2"
"332",4863,5002,"P03024_C","P030","C1","Yr2"
"333",4864,5003,"P03024_E","P030","C1","Yr2"
"334",4865,5004,"P03024_N","P030","C1","Yr2"
"335",4866,5005,"P03025_C","P030","C1","Yr2"
"336",4867,5006,"P03025_E","P030","C1","Yr2"
"337",4868,5007,"P03025_N","P030","C1","Yr2"
"338",4923,5062,"P03044_C","P030","C1","Yr2"
"339",4924,5063,"P03044_E","P030","C1","Yr2"
"340",4925,5064,"P03044_N","P030","C1","Yr2"
"341",4926,5065,"P03045_C","P030","C1","Yr2"
"342",4927,5066,"P03045_E","P030","C1","Yr2"
"343",4928,5067,"P03045_N","P030","C1","Yr2"
"344",4974,5113,"P03061_C","P030","C1","Yr2"
"345",4975,5114,"P03061_E","P030","C1","Yr2"
"346",4976,5115,"P03061_N","P030","C1","Yr2"
"347",4983,5122,"P03064_C","P030","C1","Yr2"
"348",4984,5123,"P03064_E","P030","C1","Yr2"
"349",4985,5124,"P03064_N","P030","C1","Yr2"
"350",4986,5125,"P03065_C","P030","C1","Yr2"
"351",4987,5126,"P03065_E","P030","C1","Yr2"
"352",4988,5127,"P03065_N","P030","C1","Yr2"
"353",5013,5152,"P03104_C","P031","C1","Yr2"
"354",5014,5153,"P03104_E","P031","C1","Yr2"
"355",5015,5154,"P03104_N","P031","C1","Yr2"
"356",5016,5155,"P03105_C","P031","C1","Yr2"
"357",5018,5157,"P03105_N","P031","C1","Yr2"
"358",5178,5317,"P03164_C","P031","C1","Yr2"
"359",5179,5318,"P03164_E","P031","C1","Yr2"
"360",5180,5319,"P03164_N","P031","C1","Yr2"
"361",6122,6391,"P04425_C","P044","C1","Yr3"
"362",6124,6393,"P04425_N","P044","C1","Yr3"
"363",8433,8987,"P06905_E","P069","C1","Yr5"
"364",8660,9226,"P07177_C","P071","C1","Yr5"
"365",8661,9227,"P07177_E","P071","C1","Yr5"
"366",8662,9228,"P07177_N","P071","C1","Yr5"
"367",8975,9562,"P10816_C","P108","C1","Yr1"
"368",8976,9563,"P10816_E","P108","C1","Yr1"
"369",8977,9564,"P10816_N","P108","C1","Yr1"
"370",8982,9569,"P10818_E","P108","C1","Yr1"
"371",8999,9586,"P10824_C","P108","C1","Yr1"
"372",9000,9587,"P10824_E","P108","C1","Yr1"
"373",9001,9588,"P10824_N","P108","C1","Yr1"
"374",9098,9685,"P10864_C","P108","C1","Yr1"
"375",9099,9686,"P10864_E","P108","C1","Yr1"
"376",9100,9687,"P10864_N","P108","C1","Yr1"
"377",9275,9877,"P51301_C","P513","C1","Yr3"
"378",9276,9878,"P51301_E","P513","C1","Yr3"
"379",9277,9879,"P51301_N","P513","C1","Yr3"
"380",9278,9880,"P51302_C","P513","C1","Yr3"
"381",9279,9881,"P51302_E","P513","C1","Yr3"
"382",9280,9882,"P51302_N","P513","C1","Yr3"
"383",9281,9883,"P51304_C","P513","C1","Yr3"
"384",9282,9884,"P51304_E","P513","C1","Yr3"
"385",9283,9885,"P51304_N","P513","C1","Yr3"
"386",9284,9886,"P51306_C","P513","C1","Yr3"
"387",9285,9887,"P51306_E","P513","C1","Yr3"
"388",9286,9888,"P51306_N","P513","C1","Yr3"
"389",9287,9889,"P51308_C","P513","C1","Yr3"
"390",9288,9890,"P51308_E","P513","C1","Yr3"
"391",9289,9891,"P51308_N","P513","C1","Yr3"
"392",9290,9892,"P51309_C","P513","C1","Yr3"
"393",9291,9893,"P51309_E","P513","C1","Yr3"
"394",9292,9894,"P51309_N","P513","C1","Yr3"
"395",9293,9895,"P51311_C","P513","C1","Yr3"
"396",9294,9896,"P51311_E","P513","C1","Yr3"
"397",9295,9897,"P51311_N","P513","C1","Yr3"
"398",9296,9898,"P51313_C","P513","C1","Yr3"
"399",9297,9899,"P51313_E","P513","C1","Yr3"
"400",9298,9900,"P51313_N","P513","C1","Yr3"
"401",9299,9901,"P51315_C","P513","C1","Yr3"
"402",9300,9902,"P51315_E","P513","C1","Yr3"
"403",9301,9903,"P51315_N","P513","C1","Yr3"
"404",9302,9904,"P51316_C","P513","C1","Yr3"
"405",9303,9905,"P51316_E","P513","C1","Yr3"
"406",9304,9906,"P51316_N","P513","C1","Yr3"
"407",9305,9907,"P51317_C","P513","C1","Yr3"
"408",9306,9908,"P51317_E","P513","C1","Yr3"
"409",9307,9909,"P51317_N","P513","C1","Yr3"
"410",9308,9910,"P51320_C","P513","C1","Yr3"
"411",9309,9911,"P51320_E","P513","C1","Yr3"
"412",9310,9912,"P51320_N","P513","C1","Yr3"
"413",9311,9913,"P51323_C","P513","C1","Yr3"
"414",9312,9914,"P51323_E","P513","C1","Yr3"
"415",9313,9915,"P51323_N","P513","C1","Yr3"
"416",9314,9916,"P51324_C","P513","C1","Yr3"
"417",9315,9917,"P51324_E","P513","C1","Yr3"
"418",9316,9918,"P51324_N","P513","C1","Yr3"
"419",9317,9919,"P51325_C","P513","C1","Yr3"
"420",9318,9920,"P51325_E","P513","C1","Yr3"
"421",9319,9921,"P51325_N","P513","C1","Yr3"
"422",9320,9922,"P51328_C","P513","C1","Yr3"
"423",9321,9923,"P51328_E","P513","C1","Yr3"
"424",9322,9924,"P51328_N","P513","C1","Yr3"
"425",9323,9925,"P51329_C","P513","C1","Yr3"
"426",9324,9926,"P51329_E","P513","C1","Yr3"
"427",9325,9927,"P51329_N","P513","C1","Yr3"
"428",9326,9928,"P51330_C","P513","C1","Yr3"
"429",9327,9929,"P51330_E","P513","C1","Yr3"
"430",9328,9930,"P51330_N","P513","C1","Yr3"
"431",9329,9931,"P51331_C","P513","C1","Yr3"
"432",9330,9932,"P51331_E","P513","C1","Yr3"
"433",9331,9933,"P51331_N","P513","C1","Yr3"
"434",9332,9934,"P51332_C","P513","C1","Yr3"
"435",9333,9935,"P51332_E","P513","C1","Yr3"
"436",9334,9936,"P51332_N","P513","C1","Yr3"
"437",9335,9937,"P51333_C","P513","C1","Yr3"
"438",9336,9938,"P51333_E","P513","C1","Yr3"
"439",9337,9939,"P51333_N","P513","C1","Yr3"
"440",9338,9940,"P51337_C","P513","C1","Yr3"
"441",9339,9941,"P51337_E","P513","C1","Yr3"
"442",9340,9942,"P51337_N","P513","C1","Yr3"
"443",9341,9943,"P51338_C","P513","C1","Yr3"
"444",9342,9944,"P51338_E","P513","C1","Yr3"
"445",9343,9945,"P51338_N","P513","C1","Yr3"
"446",9344,9946,"P51340_C","P513","C1","Yr3"
"447",9345,9947,"P51340_E","P513","C1","Yr3"
"448",9346,9948,"P51340_N","P513","C1","Yr3"
"449",9347,9949,"P51342_C","P513","C1","Yr3"
"450",9348,9950,"P51342_E","P513","C1","Yr3"
"451",9349,9951,"P51342_N","P513","C1","Yr3"
"452",9350,9952,"P51353_C","P513","C1","Yr3"
"453",9351,9953,"P51353_E","P513","C1","Yr3"
"454",9352,9954,"P51353_N","P513","C1","Yr3"
"455",9353,9955,"P51354_C","P513","C1","Yr3"
"456",9354,9956,"P51354_E","P513","C1","Yr3"
"457",9355,9957,"P51354_N","P513","C1","Yr3"
"458",9356,9958,"P51355_C","P513","C1","Yr3"
"459",9357,9959,"P51355_E","P513","C1","Yr3"
"460",9358,9960,"P51355_N","P513","C1","Yr3"
"461",9359,9961,"P51358_C","P513","C1","Yr3"
"462",9360,9962,"P51358_E","P513","C1","Yr3"
"463",9361,9963,"P51358_N","P513","C1","Yr3"
"464",9362,9964,"P51359_C","P513","C1","Yr3"
"465",9363,9965,"P51359_E","P513","C1","Yr3"
"466",9364,9966,"P51359_N","P513","C1","Yr3"
"467",9365,9967,"P51360_C","P513","C1","Yr3"
"468",9366,9968,"P51360_E","P513","C1","Yr3"
"469",9367,9969,"P51360_N","P513","C1","Yr3"
"470",9368,9970,"P51361_C","P513","C1","Yr3"
"471",9369,9971,"P51361_E","P513","C1","Yr3"
"472",9370,9972,"P51361_N","P513","C1","Yr3"
"473",9371,9973,"P51363_C","P513","C1","Yr3"
"474",9372,9974,"P51363_E","P513","C1","Yr3"
"475",9373,9975,"P51363_N","P513","C1","Yr3"
"476",9374,9976,"P51371_C","P513","C1","Yr3"
"477",9375,9977,"P51371_E","P513","C1","Yr3"
"478",9376,9978,"P51371_N","P513","C1","Yr3"
"479",9377,9979,"P51373_C","P513","C1","Yr3"
"480",9378,9980,"P51373_E","P513","C1","Yr3"
"481",9379,9981,"P51373_N","P513","C1","Yr3"
"482",9380,9982,"P51374_C","P513","C1","Yr3"
"483",9381,9983,"P51374_E","P513","C1","Yr3"
"484",9382,9984,"P51374_N","P513","C1","Yr3"
"485",10036,55,"P00024_C","P000","C2","Yr1"
"486",10038,57,"P00024_N","P000","C2","Yr1"
"487",10039,58,"P00025_C","P000","C2","Yr1"
"488",10041,60,"P00025_N","P000","C2","Yr1"
"489",10596,935,"P00666_C","P006","C2","Yr1"
"490",10598,937,"P00666_N","P006","C2","Yr1"
"491",10605,944,"P00669_C","P006","C2","Yr1"
"492",10606,945,"P00669_E","P006","C2","Yr1"
"493",10607,946,"P00669_N","P006","C2","Yr1"
"494",10608,947,"P00670_C","P006","C2","Yr1"
"495",10609,948,"P00670_E","P006","C2","Yr1"
"496",10610,949,"P00670_N","P006","C2","Yr1"
"497",11022,1840,"P01177_C","P011","C2","Yr1"
"498",11023,1841,"P01177_E","P011","C2","Yr1"
"499",11024,1842,"P01177_N","P011","C2","Yr1"
"500",11025,1843,"P01178_C","P011","C2","Yr1"
"501",11026,1844,"P01178_E","P011","C2","Yr1"
"502",11027,1845,"P01178_N","P011","C2","Yr1"
"503",11058,2260,"P01518_C","P015","C2","Yr1"
"504",11059,2261,"P01518_E","P015","C2","Yr1"
"505",11060,2262,"P01518_N","P015","C2","Yr1"
"506",11061,2272,"P01522_C","P015","C2","Yr1"
"507",11062,2273,"P01522_E","P015","C2","Yr1"
"508",11063,2274,"P01522_N","P015","C2","Yr1"
"509",11088,2329,"P01541_C","P015","C2","Yr1"
"510",11089,2330,"P01541_E","P015","C2","Yr1"
"511",11090,2331,"P01541_N","P015","C2","Yr1"
"512",11091,2332,"P01542_C","P015","C2","Yr1"
"513",11092,2333,"P01542_E","P015","C2","Yr1"
"514",11093,2334,"P01542_N","P015","C2","Yr1"
"515",11136,2404,"P01566_C","P015","C2","Yr1"
"516",11138,2406,"P01566_N","P015","C2","Yr1"
"517",11142,2413,"P01569_C","P015","C2","Yr1"
"518",11143,2414,"P01569_E","P015","C2","Yr1"
"519",11144,2415,"P01569_N","P015","C2","Yr1"
"520",11145,2416,"P01570_C","P015","C2","Yr1"
"521",11146,2417,"P01570_E","P015","C2","Yr1"
"522",11147,2418,"P01570_N","P015","C2","Yr1"
"523",11276,2742,"P01763_N","P017","C2","Yr2"
"524",11388,2926,"P01910_C","P019","C2","Yr2"
"525",11389,2927,"P01910_E","P019","C2","Yr2"
"526",11390,2928,"P01910_N","P019","C2","Yr2"
"527",11448,3019,"P01946_C","P019","C2","Yr2"
"528",11450,3021,"P01946_N","P019","C2","Yr2"
"529",11451,3022,"P01947_C","P019","C2","Yr2"
"530",11452,3023,"P01947_E","P019","C2","Yr2"
"531",11453,3024,"P01947_N","P019","C2","Yr2"
"532",11454,3031,"P01950_C","P019","C2","Yr2"
"533",11455,3032,"P01950_E","P019","C2","Yr2"
"534",11456,3033,"P01950_N","P019","C2","Yr2"
"535",11478,3073,"P01964_C","P019","C2","Yr2"
"536",11479,3074,"P01964_E","P019","C2","Yr2"
"537",11480,3075,"P01964_N","P019","C2","Yr2"
"538",11481,3076,"P01965_C","P019","C2","Yr2"
"539",11482,3077,"P01965_E","P019","C2","Yr2"
"540",11483,3078,"P01965_N","P019","C2","Yr2"
"541",11487,3085,"P01968_C","P019","C2","Yr2"
"542",11488,3086,"P01968_E","P019","C2","Yr2"
"543",11489,3087,"P01968_N","P019","C2","Yr2"
"544",11539,3173,"P02017_E","P020","C2","Yr2"
"545",12057,4267,"P02608_C","P026","C2","Yr2"
"546",12058,4268,"P02608_E","P026","C2","Yr2"
"547",12059,4269,"P02608_N","P026","C2","Yr2"
"548",12063,4273,"P02610_C","P026","C2","Yr2"
"549",12064,4274,"P02610_E","P026","C2","Yr2"
"550",12065,4275,"P02610_N","P026","C2","Yr2"
"551",12075,4294,"P02617_C","P026","C2","Yr2"
"552",12076,4295,"P02617_E","P026","C2","Yr2"
"553",12077,4296,"P02617_N","P026","C2","Yr2"
"554",12087,4306,"P02621_C","P026","C2","Yr2"
"555",12088,4307,"P02621_E","P026","C2","Yr2"
"556",12089,4308,"P02621_N","P026","C2","Yr2"
"557",12090,4309,"P02622_C","P026","C2","Yr2"
"558",12091,4310,"P02622_E","P026","C2","Yr2"
"559",12092,4311,"P02622_N","P026","C2","Yr2"
"560",12093,4312,"P02623_C","P026","C2","Yr2"
"561",12094,4313,"P02623_E","P026","C2","Yr2"
"562",12095,4314,"P02623_N","P026","C2","Yr2"
"563",12096,4315,"P02624_C","P026","C2","Yr2"
"564",12097,4316,"P02624_E","P026","C2","Yr2"
"565",12098,4317,"P02624_N","P026","C2","Yr2"
"566",12099,4318,"P02625_C","P026","C2","Yr2"
"567",12100,4319,"P02625_E","P026","C2","Yr2"
"568",12101,4320,"P02625_N","P026","C2","Yr2"
"569",12117,4372,"P02643_C","P026","C2","Yr2"
"570",12118,4373,"P02643_E","P026","C2","Yr2"
"571",12119,4374,"P02643_N","P026","C2","Yr2"
"572",12147,4426,"P02661_C","P026","C2","Yr2"
"573",12148,4427,"P02661_E","P026","C2","Yr2"
"574",12149,4428,"P02661_N","P026","C2","Yr2"
"575",12150,4429,"P02662_C","P026","C2","Yr2"
"576",12151,4430,"P02662_E","P026","C2","Yr2"
"577",12152,4431,"P02662_N","P026","C2","Yr2"
"578",12153,4432,"P02663_C","P026","C2","Yr2"
"579",12154,4433,"P02663_E","P026","C2","Yr2"
"580",12155,4434,"P02663_N","P026","C2","Yr2"
"581",12156,4435,"P02664_C","P026","C2","Yr2"
"582",12157,4436,"P02664_E","P026","C2","Yr2"
"583",12158,4437,"P02664_N","P026","C2","Yr2"
"584",12214,4673,"P02817_E","P028","C2","Yr2"
"585",12228,4696,"P02825_C","P028","C2","Yr2"
"586",12229,4697,"P02825_E","P028","C2","Yr2"
"587",12230,4698,"P02825_N","P028","C2","Yr2"
"588",12351,4993,"P03021_C","P030","C2","Yr2"
"589",12353,4995,"P03021_N","P030","C2","Yr2"
"590",12357,5005,"P03025_C","P030","C2","Yr2"
"591",12358,5006,"P03025_E","P030","C2","Yr2"
"592",12359,5007,"P03025_N","P030","C2","Yr2"
"593",12426,5113,"P03061_C","P030","C2","Yr2"
"594",12427,5114,"P03061_E","P030","C2","Yr2"
"595",12428,5115,"P03061_N","P030","C2","Yr2"
"596",12432,5122,"P03064_C","P030","C2","Yr2"
"597",12433,5123,"P03064_E","P030","C2","Yr2"
"598",12434,5124,"P03064_N","P030","C2","Yr2"
"599",12435,5125,"P03065_C","P030","C2","Yr2"
"600",12436,5126,"P03065_E","P030","C2","Yr2"
"601",12437,5127,"P03065_N","P030","C2","Yr2"
"602",12453,5152,"P03104_C","P031","C2","Yr2"
"603",12454,5153,"P03104_E","P031","C2","Yr2"
"604",12455,5154,"P03104_N","P031","C2","Yr2"
"605",12456,5155,"P03105_C","P031","C2","Yr2"
"606",12458,5157,"P03105_N","P031","C2","Yr2"
"607",12549,5317,"P03164_C","P031","C2","Yr2"
"608",12550,5318,"P03164_E","P031","C2","Yr2"
"609",12551,5319,"P03164_N","P031","C2","Yr2"
"610",13433,6391,"P04425_C","P044","C2","Yr3"
"611",13435,6393,"P04425_N","P044","C2","Yr3"
"612",15699,8987,"P06905_E","P069","C2","Yr5"
"613",15926,9226,"P07177_C","P071","C2","Yr5"
"614",15927,9227,"P07177_E","P071","C2","Yr5"
"615",15928,9228,"P07177_N","P071","C2","Yr5"
"616",16223,9586,"P10824_C","P108","C2","Yr1"
"617",16224,9587,"P10824_E","P108","C2","Yr1"
"618",16225,9588,"P10824_N","P108","C2","Yr1"
"619",16298,9685,"P10864_C","P108","C2","Yr1"
"620",16299,9686,"P10864_E","P108","C2","Yr1"
"621",16300,9687,"P10864_N","P108","C2","Yr1"
"622",16457,9877,"P51301_C","P513","C2","Yr3"
"623",16458,9878,"P51301_E","P513","C2","Yr3"
"624",16459,9879,"P51301_N","P513","C2","Yr3"
"625",16460,9880,"P51302_C","P513","C2","Yr3"
"626",16461,9881,"P51302_E","P513","C2","Yr3"
"627",16462,9882,"P51302_N","P513","C2","Yr3"
"628",16463,9883,"P51304_C","P513","C2","Yr3"
"629",16464,9884,"P51304_E","P513","C2","Yr3"
"630",16465,9885,"P51304_N","P513","C2","Yr3"
"631",16466,9886,"P51306_C","P513","C2","Yr3"
"632",16467,9887,"P51306_E","P513","C2","Yr3"
"633",16468,9888,"P51306_N","P513","C2","Yr3"
"634",16469,9889,"P51308_C","P513","C2","Yr3"
"635",16470,9890,"P51308_E","P513","C2","Yr3"
"636",16471,9891,"P51308_N","P513","C2","Yr3"
"637",16472,9892,"P51309_C","P513","C2","Yr3"
"638",16473,9893,"P51309_E","P513","C2","Yr3"
"639",16474,9894,"P51309_N","P513","C2","Yr3"
"640",16475,9895,"P51311_C","P513","C2","Yr3"
"641",16476,9896,"P51311_E","P513","C2","Yr3"
"642",16477,9897,"P51311_N","P513","C2","Yr3"
"643",16478,9898,"P51313_C","P513","C2","Yr3"
"644",16479,9899,"P51313_E","P513","C2","Yr3"
"645",16480,9900,"P51313_N","P513","C2","Yr3"
"646",16481,9901,"P51315_C","P513","C2","Yr3"
"647",16482,9902,"P51315_E","P513","C2","Yr3"
"648",16483,9903,"P51315_N","P513","C2","Yr3"
"649",16484,9904,"P51316_C","P513","C2","Yr3"
"650",16485,9905,"P51316_E","P513","C2","Yr3"
"651",16486,9906,"P51316_N","P513","C2","Yr3"
"652",16487,9907,"P51317_C","P513","C2","Yr3"
"653",16488,9908,"P51317_E","P513","C2","Yr3"
"654",16489,9909,"P51317_N","P513","C2","Yr3"
"655",16490,9910,"P51320_C","P513","C2","Yr3"
"656",16491,9911,"P51320_E","P513","C2","Yr3"
"657",16492,9912,"P51320_N","P513","C2","Yr3"
"658",16493,9913,"P51323_C","P513","C2","Yr3"
"659",16494,9914,"P51323_E","P513","C2","Yr3"
"660",16495,9915,"P51323_N","P513","C2","Yr3"
"661",16496,9916,"P51324_C","P513","C2","Yr3"
"662",16497,9917,"P51324_E","P513","C2","Yr3"
"663",16498,9918,"P51324_N","P513","C2","Yr3"
"664",16499,9919,"P51325_C","P513","C2","Yr3"
"665",16500,9920,"P51325_E","P513","C2","Yr3"
"666",16501,9921,"P51325_N","P513","C2","Yr3"
"667",16502,9922,"P51328_C","P513","C2","Yr3"
"668",16503,9923,"P51328_E","P513","C2","Yr3"
"669",16504,9924,"P51328_N","P513","C2","Yr3"
"670",16505,9925,"P51329_C","P513","C2","Yr3"
"671",16506,9926,"P51329_E","P513","C2","Yr3"
"672",16507,9927,"P51329_N","P513","C2","Yr3"
"673",16508,9928,"P51330_C","P513","C2","Yr3"
"674",16509,9929,"P51330_E","P513","C2","Yr3"
"675",16510,9930,"P51330_N","P513","C2","Yr3"
"676",16511,9931,"P51331_C","P513","C2","Yr3"
"677",16512,9932,"P51331_E","P513","C2","Yr3"
"678",16513,9933,"P51331_N","P513","C2","Yr3"
"679",16514,9934,"P51332_C","P513","C2","Yr3"
"680",16515,9935,"P51332_E","P513","C2","Yr3"
"681",16516,9936,"P51332_N","P513","C2","Yr3"
"682",16517,9937,"P51333_C","P513","C2","Yr3"
"683",16518,9938,"P51333_E","P513","C2","Yr3"
"684",16519,9939,"P51333_N","P513","C2","Yr3"
"685",16520,9940,"P51337_C","P513","C2","Yr3"
"686",16521,9941,"P51337_E","P513","C2","Yr3"
"687",16522,9942,"P51337_N","P513","C2","Yr3"
"688",16523,9943,"P51338_C","P513","C2","Yr3"
"689",16524,9944,"P51338_E","P513","C2","Yr3"
"690",16525,9945,"P51338_N","P513","C2","Yr3"
"691",16526,9946,"P51340_C","P513","C2","Yr3"
"692",16527,9947,"P51340_E","P513","C2","Yr3"
"693",16528,9948,"P51340_N","P513","C2","Yr3"
"694",16529,9949,"P51342_C","P513","C2","Yr3"
"695",16530,9950,"P51342_E","P513","C2","Yr3"
"696",16531,9951,"P51342_N","P513","C2","Yr3"
"697",16532,9952,"P51353_C","P513","C2","Yr3"
"698",16533,9953,"P51353_E","P513","C2","Yr3"
"699",16534,9954,"P51353_N","P513","C2","Yr3"
"700",16535,9955,"P51354_C","P513","C2","Yr3"
"701",16536,9956,"P51354_E","P513","C2","Yr3"
"702",16537,9957,"P51354_N","P513","C2","Yr3"
"703",16538,9958,"P51355_C","P513","C2","Yr3"
"704",16539,9959,"P51355_E","P513","C2","Yr3"
"705",16540,9960,"P51355_N","P513","C2","Yr3"
"706",16541,9961,"P51358_C","P513","C2","Yr3"
"707",16542,9962,"P51358_E","P513","C2","Yr3"
"708",16543,9963,"P51358_N","P513","C2","Yr3"
"709",16544,9964,"P51359_C","P513","C2","Yr3"
"710",16545,9965,"P51359_E","P513","C2","Yr3"
"711",16546,9966,"P51359_N","P513","C2","Yr3"
"712",16547,9967,"P51360_C","P513","C2","Yr3"
"713",16548,9968,"P51360_E","P513","C2","Yr3"
"714",16549,9969,"P51360_N","P513","C2","Yr3"
"715",16550,9970,"P51361_C","P513","C2","Yr3"
"716",16551,9971,"P51361_E","P513","C2","Yr3"
"717",16552,9972,"P51361_N","P513","C2","Yr3"
"718",16553,9973,"P51363_C","P513","C2","Yr3"
"719",16554,9974,"P51363_E","P513","C2","Yr3"
"720",16555,9975,"P51363_N","P513","C2","Yr3"
"721",16556,9976,"P51371_C","P513","C2","Yr3"
"722",16557,9977,"P51371_E","P513","C2","Yr3"
"723",16558,9978,"P51371_N","P513","C2","Yr3"
"724",16559,9979,"P51373_C","P513","C2","Yr3"
"725",16560,9980,"P51373_E","P513","C2","Yr3"
"726",16561,9981,"P51373_N","P513","C2","Yr3"
"727",16562,9982,"P51374_C","P513","C2","Yr3"
"728",16563,9983,"P51374_E","P513","C2","Yr3"
"729",16564,9984,"P51374_N","P513","C2","Yr3"
"730",17237,618,"P00356_C","P003","C2","Yr1"
"731",17238,619,"P00356_E","P003","C2","Yr1"
"732",17239,620,"P00356_N","P003","C2","Yr1"
"733",17240,621,"P00358_C","P003","C2","Yr1"
"734",17241,622,"P00358_E","P003","C2","Yr1"
"735",17242,623,"P00358_N","P003","C2","Yr1"
"736",17243,624,"P00359_C","P003","C2","Yr1"
"737",17244,625,"P00359_E","P003","C2","Yr1"
"738",17245,626,"P00359_N","P003","C2","Yr1"
"739",18661,2742,"P01763_N","P017","C3","Yr2"
"740",23203,8987,"P06905_E","P069","C3","Yr5"
"741",23952,9877,"P51301_C","P513","C3","Yr3"
"742",23953,9878,"P51301_E","P513","C3","Yr3"
"743",23954,9879,"P51301_N","P513","C3","Yr3"
"744",23955,9880,"P51302_C","P513","C3","Yr3"
"745",23956,9881,"P51302_E","P513","C3","Yr3"
"746",23957,9882,"P51302_N","P513","C3","Yr3"
"747",23958,9883,"P51304_C","P513","C3","Yr3"
"748",23959,9884,"P51304_E","P513","C3","Yr3"
"749",23960,9885,"P51304_N","P513","C3","Yr3"
"750",23961,9886,"P51306_C","P513","C3","Yr3"
"751",23962,9887,"P51306_E","P513","C3","Yr3"
"752",23963,9888,"P51306_N","P513","C3","Yr3"
"753",23964,9889,"P51308_C","P513","C3","Yr3"
"754",23965,9890,"P51308_E","P513","C3","Yr3"
"755",23966,9891,"P51308_N","P513","C3","Yr3"
"756",23967,9892,"P51309_C","P513","C3","Yr3"
"757",23968,9893,"P51309_E","P513","C3","Yr3"
"758",23969,9894,"P51309_N","P513","C3","Yr3"
"759",23970,9895,"P51311_C","P513","C3","Yr3"
"760",23971,9896,"P51311_E","P513","C3","Yr3"
"761",23972,9897,"P51311_N","P513","C3","Yr3"
"762",23973,9898,"P51313_C","P513","C3","Yr3"
"763",23974,9899,"P51313_E","P513","C3","Yr3"
"764",23975,9900,"P51313_N","P513","C3","Yr3"
"765",23976,9901,"P51315_C","P513","C3","Yr3"
"766",23977,9902,"P51315_E","P513","C3","Yr3"
"767",23978,9903,"P51315_N","P513","C3","Yr3"
"768",23979,9904,"P51316_C","P513","C3","Yr3"
"769",23980,9905,"P51316_E","P513","C3","Yr3"
"770",23981,9906,"P51316_N","P513","C3","Yr3"
"771",23982,9907,"P51317_C","P513","C3","Yr3"
"772",23983,9908,"P51317_E","P513","C3","Yr3"
"773",23984,9909,"P51317_N","P513","C3","Yr3"
"774",23985,9910,"P51320_C","P513","C3","Yr3"
"775",23986,9911,"P51320_E","P513","C3","Yr3"
"776",23987,9912,"P51320_N","P513","C3","Yr3"
"777",23988,9913,"P51323_C","P513","C3","Yr3"
"778",23989,9914,"P51323_E","P513","C3","Yr3"
"779",23990,9915,"P51323_N","P513","C3","Yr3"
"780",23991,9916,"P51324_C","P513","C3","Yr3"
"781",23992,9917,"P51324_E","P513","C3","Yr3"
"782",23993,9918,"P51324_N","P513","C3","Yr3"
"783",23994,9919,"P51325_C","P513","C3","Yr3"
"784",23995,9920,"P51325_E","P513","C3","Yr3"
"785",23996,9921,"P51325_N","P513","C3","Yr3"
"786",23997,9922,"P51328_C","P513","C3","Yr3"
"787",23998,9923,"P51328_E","P513","C3","Yr3"
"788",23999,9924,"P51328_N","P513","C3","Yr3"
"789",24000,9925,"P51329_C","P513","C3","Yr3"
"790",24001,9926,"P51329_E","P513","C3","Yr3"
"791",24002,9927,"P51329_N","P513","C3","Yr3"
"792",24003,9928,"P51330_C","P513","C3","Yr3"
"793",24004,9929,"P51330_E","P513","C3","Yr3"
"794",24005,9930,"P51330_N","P513","C3","Yr3"
"795",24006,9931,"P51331_C","P513","C3","Yr3"
"796",24007,9932,"P51331_E","P513","C3","Yr3"
"797",24008,9933,"P51331_N","P513","C3","Yr3"
"798",24009,9934,"P51332_C","P513","C3","Yr3"
"799",24010,9935,"P51332_E","P513","C3","Yr3"
"800",24011,9936,"P51332_N","P513","C3","Yr3"
"801",24012,9937,"P51333_C","P513","C3","Yr3"
"802",24013,9938,"P51333_E","P513","C3","Yr3"
"803",24014,9939,"P51333_N","P513","C3","Yr3"
"804",24015,9940,"P51337_C","P513","C3","Yr3"
"805",24016,9941,"P51337_E","P513","C3","Yr3"
"806",24017,9942,"P51337_N","P513","C3","Yr3"
"807",24018,9943,"P51338_C","P513","C3","Yr3"
"808",24019,9944,"P51338_E","P513","C3","Yr3"
"809",24020,9945,"P51338_N","P513","C3","Yr3"
"810",24021,9946,"P51340_C","P513","C3","Yr3"
"811",24022,9947,"P51340_E","P513","C3","Yr3"
"812",24023,9948,"P51340_N","P513","C3","Yr3"
"813",24024,9949,"P51342_C","P513","C3","Yr3"
"814",24025,9950,"P51342_E","P513","C3","Yr3"
"815",24026,9951,"P51342_N","P513","C3","Yr3"
"816",24027,9952,"P51353_C","P513","C3","Yr3"
"817",24028,9953,"P51353_E","P513","C3","Yr3"
"818",24029,9954,"P51353_N","P513","C3","Yr3"
"819",24030,9955,"P51354_C","P513","C3","Yr3"
"820",24031,9956,"P51354_E","P513","C3","Yr3"
"821",24032,9957,"P51354_N","P513","C3","Yr3"
"822",24033,9958,"P51355_C","P513","C3","Yr3"
"823",24034,9959,"P51355_E","P513","C3","Yr3"
"824",24035,9960,"P51355_N","P513","C3","Yr3"
"825",24036,9961,"P51358_C","P513","C3","Yr3"
"826",24037,9962,"P51358_E","P513","C3","Yr3"
"827",24038,9963,"P51358_N","P513","C3","Yr3"
"828",24039,9964,"P51359_C","P513","C3","Yr3"
"829",24040,9965,"P51359_E","P513","C3","Yr3"
"830",24041,9966,"P51359_N","P513","C3","Yr3"
"831",24042,9967,"P51360_C","P513","C3","Yr3"
"832",24043,9968,"P51360_E","P513","C3","Yr3"
"833",24044,9969,"P51360_N","P513","C3","Yr3"
"834",24045,9970,"P51361_C","P513","C3","Yr3"
"835",24046,9971,"P51361_E","P513","C3","Yr3"
"836",24047,9972,"P51361_N","P513","C3","Yr3"
"837",24048,9973,"P51363_C","P513","C3","Yr3"
"838",24049,9974,"P51363_E","P513","C3","Yr3"
"839",24050,9975,"P51363_N","P513","C3","Yr3"
"840",24051,9976,"P51371_C","P513","C3","Yr3"
"841",24052,9977,"P51371_E","P513","C3","Yr3"
"842",24053,9978,"P51371_N","P513","C3","Yr3"
"843",24054,9979,"P51373_C","P513","C3","Yr3"
"844",24055,9980,"P51373_E","P513","C3","Yr3"
"845",24056,9981,"P51373_N","P513","C3","Yr3"
"846",24057,9982,"P51374_C","P513","C3","Yr3"
"847",24058,9983,"P51374_E","P513","C3","Yr3"
"848",24059,9984,"P51374_N","P513","C3","Yr3"
"849",24733,618,"P00356_C","P003","C3","Yr1"
"850",24734,619,"P00356_E","P003","C3","Yr1"
"851",24735,620,"P00356_N","P003","C3","Yr1"
"852",24736,621,"P00358_C","P003","C3","Yr1"
"853",24737,622,"P00358_E","P003","C3","Yr1"
"854",24738,623,"P00358_N","P003","C3","Yr1"
"855",24739,624,"P00359_C","P003","C3","Yr1"
"856",24740,625,"P00359_E","P003","C3","Yr1"
"857",24741,626,"P00359_N","P003","C3","Yr1"
"858",25256,9985,"P51381_C","P513","C3","Yr3"
"859",25257,9986,"P51381_E","P513","C3","Yr3"
"860",25258,9987,"P51381_N","P513","C3","Yr3"
"861",25259,9988,"P51382_C","P513","C3","Yr3"
"862",25260,9989,"P51382_E","P513","C3","Yr3"
"863",25261,9990,"P51382_N","P513","C3","Yr3"
"864",25262,9991,"P51383_C","P513","C3","Yr3"
"865",25263,9992,"P51383_E","P513","C3","Yr3"
"866",25264,9993,"P51383_N","P513","C3","Yr3"
"867",25265,9994,"P51384_C","P513","C3","Yr3"
"868",25266,9995,"P51384_E","P513","C3","Yr3"
"869",25267,9996,"P51384_N","P513","C3","Yr3"
"870",25268,9997,"P51385_C","P513","C3","Yr3"
"871",25269,9998,"P51385_E","P513","C3","Yr3"
"872",25270,9999,"P51385_N","P513","C3","Yr3"
"873",25271,10000,"P51387_C","P513","C3","Yr3"
"874",25272,10001,"P51387_E","P513","C3","Yr3"
"875",25273,10002,"P51387_N","P513","C3","Yr3"
"876",25274,10003,"P51389_C","P513","C3","Yr3"
"877",25275,10004,"P51389_E","P513","C3","Yr3"
"878",25276,10005,"P51389_N","P513","C3","Yr3"
"879",25277,10006,"P51392_C","P513","C3","Yr3"
"880",25278,10007,"P51392_E","P513","C3","Yr3"
"881",25279,10008,"P51392_N","P513","C3","Yr3"
"882",25280,10009,"P51393_C","P513","C3","Yr3"
"883",25281,10010,"P51393_E","P513","C3","Yr3"
"884",25282,10011,"P51393_N","P513","C3","Yr3"
